category,url,last_crawled,live_status,location,canonical,meta_robots,x_robots_tag,in_sitemap,source_file,normalized_key,request_error
찾을 수 없음(404),https://kokamdo.co.kr/works/education/,2026-07-25,404,,https://kokamdo.co.kr,"index, follow",,False,doc_788f372533a6_https___kokamdo.co.kr_-Coverage-Drilldown-2026-07-29.xlsx,https://kokamdo.co.kr/works/education,
찾을 수 없음(404),https://kokamdo.co.kr/portfolio/lab543-office/,2026-07-25,404,,https://kokamdo.co.kr,"index, follow",,False,doc_788f372533a6_https___kokamdo.co.kr_-Coverage-Drilldown-2026-07-29.xlsx,https://kokamdo.co.kr/portfolio/lab543-office,
찾을 수 없음(404),https://kokamdo.co.kr/works/,2026-07-25,404,,https://kokamdo.co.kr,"index, follow",,False,doc_788f372533a6_https___kokamdo.co.kr_-Coverage-Drilldown-2026-07-29.xlsx,https://kokamdo.co.kr/works,
찾을 수 없음(404),https://kokamdo.co.kr/portfolio/apec/,2026-07-25,404,,https://kokamdo.co.kr,"index, follow",,False,doc_788f372533a6_https___kokamdo.co.kr_-Coverage-Drilldown-2026-07-29.xlsx,https://kokamdo.co.kr/portfolio/apec,
찾을 수 없음(404),https://kokamdo.co.kr/portfolio/sba-setec,2026-07-25,404,,https://kokamdo.co.kr,"index, follow",,False,doc_788f372533a6_https___kokamdo.co.kr_-Coverage-Drilldown-2026-07-29.xlsx,https://kokamdo.co.kr/portfolio/sba-setec,
찾을 수 없음(404),https://kokamdo.co.kr/press/,2026-07-25,404,,https://kokamdo.co.kr,"index, follow",,False,doc_788f372533a6_https___kokamdo.co.kr_-Coverage-Drilldown-2026-07-29.xlsx,https://kokamdo.co.kr/press,
찾을 수 없음(404),https://kokamdo.co.kr/portfolio/philips,2026-07-22,404,,https://kokamdo.co.kr,"index, follow",,False,doc_788f372533a6_https___kokamdo.co.kr_-Coverage-Drilldown-2026-07-29.xlsx,https://kokamdo.co.kr/portfolio/philips,
찾을 수 없음(404),https://kokamdo.co.kr/contact/,2026-07-22,404,,https://kokamdo.co.kr,"index, follow",,False,doc_788f372533a6_https___kokamdo.co.kr_-Coverage-Drilldown-2026-07-29.xlsx,https://kokamdo.co.kr/contact,
찾을 수 없음(404),https://kokamdo.co.kr/portfolio/setec/,2026-07-21,404,,https://kokamdo.co.kr,"index, follow",,False,doc_788f372533a6_https___kokamdo.co.kr_-Coverage-Drilldown-2026-07-29.xlsx,https://kokamdo.co.kr/portfolio/setec,
찾을 수 없음(404),https://kokamdo.co.kr/about/,2026-07-19,404,,https://kokamdo.co.kr,"index, follow",,False,doc_788f372533a6_https___kokamdo.co.kr_-Coverage-Drilldown-2026-07-29.xlsx,https://kokamdo.co.kr/about,
찾을 수 없음(404),https://kokamdo.co.kr/portfolio/cowork-bridge,2026-07-17,404,,https://kokamdo.co.kr,"index, follow",,False,doc_788f372533a6_https___kokamdo.co.kr_-Coverage-Drilldown-2026-07-29.xlsx,https://kokamdo.co.kr/portfolio/cowork-bridge,
사용자가 선택한 표준이 없는 중복 페이지,https://kokamdo.co.kr/portfolio/cafe-kaili-cheonan/,2026-06-13,404,,https://kokamdo.co.kr,"index, follow",,False,doc_efcac6618365_https___kokamdo.co.kr_-Coverage-Drilldown-2026-07-29 (1).xlsx,https://kokamdo.co.kr/portfolio/cafe-kaili-cheonan,
사용자가 선택한 표준이 없는 중복 페이지,https://kokamdo.co.kr/portfolio/한국예술종합학교-도서관/,2026-06-01,404,,https://kokamdo.co.kr,"index, follow",,False,doc_efcac6618365_https___kokamdo.co.kr_-Coverage-Drilldown-2026-07-29 (1).xlsx,https://kokamdo.co.kr/portfolio/한국예술종합학교-도서관,
사용자가 선택한 표준이 없는 중복 페이지,https://kokamdo.co.kr/portfolio/기업-보안-융합-인재-교육센터/,2026-05-19,404,,https://kokamdo.co.kr,"index, follow",,False,doc_efcac6618365_https___kokamdo.co.kr_-Coverage-Drilldown-2026-07-29 (1).xlsx,https://kokamdo.co.kr/portfolio/기업-보안-융합-인재-교육센터,
사용자가 선택한 표준이 없는 중복 페이지,https://kokamdo.co.kr/portfolio/비앤미-성형외과/,2026-05-19,404,,https://kokamdo.co.kr,"index, follow",,False,doc_efcac6618365_https___kokamdo.co.kr_-Coverage-Drilldown-2026-07-29 (1).xlsx,https://kokamdo.co.kr/portfolio/비앤미-성형외과,
사용자가 선택한 표준이 없는 중복 페이지,https://kokamdo.co.kr/works/corporation,2026-05-08,404,,https://kokamdo.co.kr,"index, follow",,False,doc_efcac6618365_https___kokamdo.co.kr_-Coverage-Drilldown-2026-07-29 (1).xlsx,https://kokamdo.co.kr/works/corporation,
사용자가 선택한 표준이 없는 중복 페이지,https://kokamdo.co.kr/portfolio/서울여자대학교강의ᄉ/,2026-04-24,404,,https://kokamdo.co.kr,"index, follow",,False,doc_efcac6618365_https___kokamdo.co.kr_-Coverage-Drilldown-2026-07-29 (1).xlsx,https://kokamdo.co.kr/portfolio/서울여자대학교강의ᄉ,
사용자가 선택한 표준이 없는 중복 페이지,https://kokamdo.co.kr/portfolio/기아자동차-중국-염성/,2026-03-14,404,,https://kokamdo.co.kr,"index, follow",,False,doc_efcac6618365_https___kokamdo.co.kr_-Coverage-Drilldown-2026-07-29 (1).xlsx,https://kokamdo.co.kr/portfolio/기아자동차-중국-염성,
사용자가 선택한 표준이 없는 중복 페이지,https://kokamdo.co.kr/portfolio/기업인과의-만남의고/,2026-02-15,404,,https://kokamdo.co.kr,"index, follow",,False,doc_efcac6618365_https___kokamdo.co.kr_-Coverage-Drilldown-2026-07-29 (1).xlsx,https://kokamdo.co.kr/portfolio/기업인과의-만남의고,
액세스 금지(403)로 인해 차단됨,https://kokamdo.co.kr/portfolio/ggallery/,2026-03-18,404,,https://kokamdo.co.kr,"index, follow",,False,doc_3a7904ccd2aa_https___kokamdo.co.kr_-Coverage-Drilldown-2026-07-29 (2).xlsx,https://kokamdo.co.kr/portfolio/ggallery,
액세스 금지(403)로 인해 차단됨,https://kokamdo.co.kr/portfolio/g-tower-lobby/,2026-03-17,404,,https://kokamdo.co.kr,"index, follow",,False,doc_3a7904ccd2aa_https___kokamdo.co.kr_-Coverage-Drilldown-2026-07-29 (2).xlsx,https://kokamdo.co.kr/portfolio/g-tower-lobby,
액세스 금지(403)로 인해 차단됨,https://kokamdo.co.kr/portfolio/__trashed/,2026-03-17,404,,https://kokamdo.co.kr,"index, follow",,False,doc_3a7904ccd2aa_https___kokamdo.co.kr_-Coverage-Drilldown-2026-07-29 (2).xlsx,https://kokamdo.co.kr/portfolio/__trashed,
적절한 표준 태그가 포함된 대체 페이지,https://kokamdo.co.kr/?lolfmk-portfolio=1,2026-07-20,200,,https://kokamdo.co.kr,"index, follow",,False,doc_81cc6851eac2_https___kokamdo.co.kr_-Coverage-Drilldown-2026-07-29 (3).xlsx,https://kokamdo.co.kr/?lolfmk-portfolio=1,
적절한 표준 태그가 포함된 대체 페이지,https://kokamdo.co.kr/portfolio/lab543,2026-07-08,404,,https://kokamdo.co.kr,"index, follow",,False,doc_81cc6851eac2_https___kokamdo.co.kr_-Coverage-Drilldown-2026-07-29 (3).xlsx,https://kokamdo.co.kr/portfolio/lab543,
적절한 표준 태그가 포함된 대체 페이지,https://kokamdo.co.kr/portfolio/mediplus-clinic,2026-06-20,404,,https://kokamdo.co.kr,"index, follow",,False,doc_81cc6851eac2_https___kokamdo.co.kr_-Coverage-Drilldown-2026-07-29 (3).xlsx,https://kokamdo.co.kr/portfolio/mediplus-clinic,
크롤링됨 - 현재 색인이 생성되지 않음,https://kokamdo.co.kr/portfolio/p/1170006,2026-07-25,200,,https://kokamdo.co.kr,"index, follow",,True,doc_b805504abbad_https___kokamdo.co.kr_-Coverage-Drilldown-2026-07-29 (4).xlsx,https://kokamdo.co.kr/portfolio/p/1170006,
크롤링됨 - 현재 색인이 생성되지 않음,https://kokamdo.co.kr/office-interior/gangnam,2026-07-24,200,,https://kokamdo.co.kr/office-interior/gangnam,"index, follow",,True,doc_b805504abbad_https___kokamdo.co.kr_-Coverage-Drilldown-2026-07-29 (4).xlsx,https://kokamdo.co.kr/office-interior/gangnam,
크롤링됨 - 현재 색인이 생성되지 않음,https://kokamdo.co.kr/insights/2026-사무실-인테리어-트렌드-하이브리드-워크플레이스로-업무환경-개선-및-오피스-리모델링-전략-mra1qvk5,2026-07-21,200,,https://kokamdo.co.kr,"index, follow",,True,doc_b805504abbad_https___kokamdo.co.kr_-Coverage-Drilldown-2026-07-29 (4).xlsx,https://kokamdo.co.kr/insights/2026-사무실-인테리어-트렌드-하이브리드-워크플레이스로-업무환경-개선-및-오피스-리모델링-전략-mra1qvk5,
크롤링됨 - 현재 색인이 생성되지 않음,https://kokamdo.co.kr/works/corporation/,2026-04-01,404,,https://kokamdo.co.kr,"index, follow",,False,doc_b805504abbad_https___kokamdo.co.kr_-Coverage-Drilldown-2026-07-29 (4).xlsx,https://kokamdo.co.kr/works/corporation,
크롤링됨 - 현재 색인이 생성되지 않음,https://kokamdo.co.kr/portfolio/myung-jang-si-dae-gimhae/,2026-03-31,404,,https://kokamdo.co.kr,"index, follow",,False,doc_b805504abbad_https___kokamdo.co.kr_-Coverage-Drilldown-2026-07-29 (4).xlsx,https://kokamdo.co.kr/portfolio/myung-jang-si-dae-gimhae,
크롤링됨 - 현재 색인이 생성되지 않음,https://kokamdo.co.kr/?lolfmk-portfolio=2,2026-03-23,200,,https://kokamdo.co.kr,"index, follow",,False,doc_b805504abbad_https___kokamdo.co.kr_-Coverage-Drilldown-2026-07-29 (4).xlsx,https://kokamdo.co.kr/?lolfmk-portfolio=2,
크롤링됨 - 현재 색인이 생성되지 않음,https://kokamdo.co.kr/works/other/,2026-03-22,404,,https://kokamdo.co.kr,"index, follow",,False,doc_b805504abbad_https___kokamdo.co.kr_-Coverage-Drilldown-2026-07-29 (4).xlsx,https://kokamdo.co.kr/works/other,
크롤링됨 - 현재 색인이 생성되지 않음,https://kokamdo.co.kr/category/press/,2026-03-21,404,,https://kokamdo.co.kr,"index, follow",,False,doc_b805504abbad_https___kokamdo.co.kr_-Coverage-Drilldown-2026-07-29 (4).xlsx,https://kokamdo.co.kr/category/press,
크롤링됨 - 현재 색인이 생성되지 않음,https://kokamdo.co.kr/portfolio/밀알학교/,2026-03-20,404,,https://kokamdo.co.kr,"index, follow",,False,doc_b805504abbad_https___kokamdo.co.kr_-Coverage-Drilldown-2026-07-29 (4).xlsx,https://kokamdo.co.kr/portfolio/밀알학교,
크롤링됨 - 현재 색인이 생성되지 않음,https://kokamdo.co.kr/portfolio/알맥스-2/,2026-03-20,404,,https://kokamdo.co.kr,"index, follow",,False,doc_b805504abbad_https___kokamdo.co.kr_-Coverage-Drilldown-2026-07-29 (4).xlsx,https://kokamdo.co.kr/portfolio/알맥스-2,
크롤링됨 - 현재 색인이 생성되지 않음,https://kokamdo.co.kr/portfolio/제니코/,2026-03-20,404,,https://kokamdo.co.kr,"index, follow",,False,doc_b805504abbad_https___kokamdo.co.kr_-Coverage-Drilldown-2026-07-29 (4).xlsx,https://kokamdo.co.kr/portfolio/제니코,
크롤링됨 - 현재 색인이 생성되지 않음,https://kokamdo.co.kr/works/exhibition/,2026-03-20,404,,https://kokamdo.co.kr,"index, follow",,False,doc_b805504abbad_https___kokamdo.co.kr_-Coverage-Drilldown-2026-07-29 (4).xlsx,https://kokamdo.co.kr/works/exhibition,
크롤링됨 - 현재 색인이 생성되지 않음,https://kokamdo.co.kr/portfolio/매직캔/,2026-03-19,404,,https://kokamdo.co.kr,"index, follow",,False,doc_b805504abbad_https___kokamdo.co.kr_-Coverage-Drilldown-2026-07-29 (4).xlsx,https://kokamdo.co.kr/portfolio/매직캔,
크롤링됨 - 현재 색인이 생성되지 않음,https://kokamdo.co.kr/portfolio/samwon-paper-office/,2026-03-19,404,,https://kokamdo.co.kr,"index, follow",,False,doc_b805504abbad_https___kokamdo.co.kr_-Coverage-Drilldown-2026-07-29 (4).xlsx,https://kokamdo.co.kr/portfolio/samwon-paper-office,
크롤링됨 - 현재 색인이 생성되지 않음,https://kokamdo.co.kr/works/commercial/,2026-03-19,404,,https://kokamdo.co.kr,"index, follow",,False,doc_b805504abbad_https___kokamdo.co.kr_-Coverage-Drilldown-2026-07-29 (4).xlsx,https://kokamdo.co.kr/works/commercial,
크롤링됨 - 현재 색인이 생성되지 않음,https://kokamdo.co.kr/works/clinic/,2026-03-19,404,,https://kokamdo.co.kr,"index, follow",,False,doc_b805504abbad_https___kokamdo.co.kr_-Coverage-Drilldown-2026-07-29 (4).xlsx,https://kokamdo.co.kr/works/clinic,
크롤링됨 - 현재 색인이 생성되지 않음,https://kokamdo.co.kr/portfolio/스노젠/,2026-03-19,404,,https://kokamdo.co.kr,"index, follow",,False,doc_b805504abbad_https___kokamdo.co.kr_-Coverage-Drilldown-2026-07-29 (4).xlsx,https://kokamdo.co.kr/portfolio/스노젠,
크롤링됨 - 현재 색인이 생성되지 않음,https://kokamdo.co.kr/portfolio/알맥스/,2026-03-19,404,,https://kokamdo.co.kr,"index, follow",,False,doc_b805504abbad_https___kokamdo.co.kr_-Coverage-Drilldown-2026-07-29 (4).xlsx,https://kokamdo.co.kr/portfolio/알맥스,
크롤링됨 - 현재 색인이 생성되지 않음,https://kokamdo.co.kr/portfolio/서울여자대학교-창의ᄀ/,2026-03-19,404,,https://kokamdo.co.kr,"index, follow",,False,doc_b805504abbad_https___kokamdo.co.kr_-Coverage-Drilldown-2026-07-29 (4).xlsx,https://kokamdo.co.kr/portfolio/서울여자대학교-창의ᄀ,
크롤링됨 - 현재 색인이 생성되지 않음,https://kokamdo.co.kr/portfolio/kcs-office/,2026-03-19,404,,https://kokamdo.co.kr,"index, follow",,False,doc_b805504abbad_https___kokamdo.co.kr_-Coverage-Drilldown-2026-07-29 (4).xlsx,https://kokamdo.co.kr/portfolio/kcs-office,
크롤링됨 - 현재 색인이 생성되지 않음,https://kokamdo.co.kr/portfolio/an-games-office/,2026-03-19,404,,https://kokamdo.co.kr,"index, follow",,False,doc_b805504abbad_https___kokamdo.co.kr_-Coverage-Drilldown-2026-07-29 (4).xlsx,https://kokamdo.co.kr/portfolio/an-games-office,
크롤링됨 - 현재 색인이 생성되지 않음,https://kokamdo.co.kr/portfolio/서울여자대학교도서관/,2026-03-14,404,,https://kokamdo.co.kr,"index, follow",,False,doc_b805504abbad_https___kokamdo.co.kr_-Coverage-Drilldown-2026-07-29 (4).xlsx,https://kokamdo.co.kr/portfolio/서울여자대학교도서관,
크롤링됨 - 현재 색인이 생성되지 않음,https://kokamdo.co.kr/portfolio/헤어샵/,2026-03-14,404,,https://kokamdo.co.kr,"index, follow",,False,doc_b805504abbad_https___kokamdo.co.kr_-Coverage-Drilldown-2026-07-29 (4).xlsx,https://kokamdo.co.kr/portfolio/헤어샵,
크롤링됨 - 현재 색인이 생성되지 않음,https://kokamdo.co.kr/portfolio/경희예술종합전문/,2026-03-13,404,,https://kokamdo.co.kr,"index, follow",,False,doc_b805504abbad_https___kokamdo.co.kr_-Coverage-Drilldown-2026-07-29 (4).xlsx,https://kokamdo.co.kr/portfolio/경희예술종합전문,
크롤링됨 - 현재 색인이 생성되지 않음,https://kokamdo.co.kr/portfolio/성균관대-지능형-ict-유/,2026-03-11,404,,https://kokamdo.co.kr,"index, follow",,False,doc_b805504abbad_https___kokamdo.co.kr_-Coverage-Drilldown-2026-07-29 (4).xlsx,https://kokamdo.co.kr/portfolio/성균관대-지능형-ict-유,
크롤링됨 - 현재 색인이 생성되지 않음,https://kokamdo.co.kr/2012-옐로우트리-수정_mg_0207/,2026-03-11,404,,https://kokamdo.co.kr,"index, follow",,False,doc_b805504abbad_https___kokamdo.co.kr_-Coverage-Drilldown-2026-07-29 (4).xlsx,https://kokamdo.co.kr/2012-옐로우트리-수정_mg_0207,
크롤링됨 - 현재 색인이 생성되지 않음,https://kokamdo.co.kr/portfolio/딜리/,2026-03-11,404,,https://kokamdo.co.kr,"index, follow",,False,doc_b805504abbad_https___kokamdo.co.kr_-Coverage-Drilldown-2026-07-29 (4).xlsx,https://kokamdo.co.kr/portfolio/딜리,
크롤링됨 - 현재 색인이 생성되지 않음,https://kokamdo.co.kr/portfolio/비엔미-성형외과/,2026-03-11,404,,https://kokamdo.co.kr,"index, follow",,False,doc_b805504abbad_https___kokamdo.co.kr_-Coverage-Drilldown-2026-07-29 (4).xlsx,https://kokamdo.co.kr/portfolio/비엔미-성형외과,
크롤링됨 - 현재 색인이 생성되지 않음,https://kokamdo.co.kr/portfolio/선사성형외과/,2026-03-11,404,,https://kokamdo.co.kr,"index, follow",,False,doc_b805504abbad_https___kokamdo.co.kr_-Coverage-Drilldown-2026-07-29 (4).xlsx,https://kokamdo.co.kr/portfolio/선사성형외과,
크롤링됨 - 현재 색인이 생성되지 않음,https://kokamdo.co.kr/portfolio/약현성당-전시관/,2026-03-11,404,,https://kokamdo.co.kr,"index, follow",,False,doc_b805504abbad_https___kokamdo.co.kr_-Coverage-Drilldown-2026-07-29 (4).xlsx,https://kokamdo.co.kr/portfolio/약현성당-전시관,
크롤링됨 - 현재 색인이 생성되지 않음,https://kokamdo.co.kr/portfolio/mit-soft-office-seongsu/,2026-03-10,404,,https://kokamdo.co.kr,"index, follow",,False,doc_b805504abbad_https___kokamdo.co.kr_-Coverage-Drilldown-2026-07-29 (4).xlsx,https://kokamdo.co.kr/portfolio/mit-soft-office-seongsu,
크롤링됨 - 현재 색인이 생성되지 않음,https://kokamdo.co.kr/portfolio/mobiis-office/,2026-03-09,404,,https://kokamdo.co.kr,"index, follow",,False,doc_b805504abbad_https___kokamdo.co.kr_-Coverage-Drilldown-2026-07-29 (4).xlsx,https://kokamdo.co.kr/portfolio/mobiis-office,
크롤링됨 - 현재 색인이 생성되지 않음,https://kokamdo.co.kr/portfolio/luv-it-pilates/,2026-03-08,404,,https://kokamdo.co.kr,"index, follow",,False,doc_b805504abbad_https___kokamdo.co.kr_-Coverage-Drilldown-2026-07-29 (4).xlsx,https://kokamdo.co.kr/portfolio/luv-it-pilates,
크롤링됨 - 현재 색인이 생성되지 않음,https://kokamdo.co.kr/portfolio/hanshin-medipia/,2026-03-08,404,,https://kokamdo.co.kr,"index, follow",,False,doc_b805504abbad_https___kokamdo.co.kr_-Coverage-Drilldown-2026-07-29 (4).xlsx,https://kokamdo.co.kr/portfolio/hanshin-medipia,
크롤링됨 - 현재 색인이 생성되지 않음,https://kokamdo.co.kr/portfolio/fall-in-the-bread/,2026-03-08,404,,https://kokamdo.co.kr,"index, follow",,False,doc_b805504abbad_https___kokamdo.co.kr_-Coverage-Drilldown-2026-07-29 (4).xlsx,https://kokamdo.co.kr/portfolio/fall-in-the-bread,
크롤링됨 - 현재 색인이 생성되지 않음,https://kokamdo.co.kr/portfolio/서울문화예술직업ᄌ/,2026-03-08,404,,https://kokamdo.co.kr,"index, follow",,False,doc_b805504abbad_https___kokamdo.co.kr_-Coverage-Drilldown-2026-07-29 (4).xlsx,https://kokamdo.co.kr/portfolio/서울문화예술직업ᄌ,
크롤링됨 - 현재 색인이 생성되지 않음,https://kokamdo.co.kr/portfolio/송도-heal-동물병원/,2026-03-07,404,,https://kokamdo.co.kr,"index, follow",,False,doc_b805504abbad_https___kokamdo.co.kr_-Coverage-Drilldown-2026-07-29 (4).xlsx,https://kokamdo.co.kr/portfolio/송도-heal-동물병원,
크롤링됨 - 현재 색인이 생성되지 않음,https://kokamdo.co.kr/portfolio/seungil-electronics-office/,2026-03-07,404,,https://kokamdo.co.kr,"index, follow",,False,doc_b805504abbad_https___kokamdo.co.kr_-Coverage-Drilldown-2026-07-29 (4).xlsx,https://kokamdo.co.kr/portfolio/seungil-electronics-office,
크롤링됨 - 현재 색인이 생성되지 않음,https://kokamdo.co.kr/portfolio/고운뜰-사회복지센터/,2026-03-04,404,,https://kokamdo.co.kr,"index, follow",,False,doc_b805504abbad_https___kokamdo.co.kr_-Coverage-Drilldown-2026-07-29 (4).xlsx,https://kokamdo.co.kr/portfolio/고운뜰-사회복지센터,
크롤링됨 - 현재 색인이 생성되지 않음,https://kokamdo.co.kr/portfolio/경북대병원-푸드코트/,2026-03-04,404,,https://kokamdo.co.kr,"index, follow",,False,doc_b805504abbad_https___kokamdo.co.kr_-Coverage-Drilldown-2026-07-29 (4).xlsx,https://kokamdo.co.kr/portfolio/경북대병원-푸드코트,
크롤링됨 - 현재 색인이 생성되지 않음,https://kokamdo.co.kr/?lolfmk-portfolio=project-nine,2026-03-04,200,,https://kokamdo.co.kr,"index, follow",,False,doc_b805504abbad_https___kokamdo.co.kr_-Coverage-Drilldown-2026-07-29 (4).xlsx,https://kokamdo.co.kr/?lolfmk-portfolio=project-nine,
크롤링됨 - 현재 색인이 생성되지 않음,https://kokamdo.co.kr/portfolio/서울여자대학교-ada-school-lab/,2026-03-02,404,,https://kokamdo.co.kr,"index, follow",,False,doc_b805504abbad_https___kokamdo.co.kr_-Coverage-Drilldown-2026-07-29 (4).xlsx,https://kokamdo.co.kr/portfolio/서울여자대학교-ada-school-lab,
크롤링됨 - 현재 색인이 생성되지 않음,https://kokamdo.co.kr/portfolio/the-paper-lab-seoul/,2026-03-01,404,,https://kokamdo.co.kr,"index, follow",,False,doc_b805504abbad_https___kokamdo.co.kr_-Coverage-Drilldown-2026-07-29 (4).xlsx,https://kokamdo.co.kr/portfolio/the-paper-lab-seoul,
크롤링됨 - 현재 색인이 생성되지 않음,https://kokamdo.co.kr/portfolio/tiger-company-office/,2026-03-01,404,,https://kokamdo.co.kr,"index, follow",,False,doc_b805504abbad_https___kokamdo.co.kr_-Coverage-Drilldown-2026-07-29 (4).xlsx,https://kokamdo.co.kr/portfolio/tiger-company-office,
크롤링됨 - 현재 색인이 생성되지 않음,https://kokamdo.co.kr/portfolio/필립스/,2026-03-01,404,,https://kokamdo.co.kr,"index, follow",,False,doc_b805504abbad_https___kokamdo.co.kr_-Coverage-Drilldown-2026-07-29 (4).xlsx,https://kokamdo.co.kr/portfolio/필립스,
크롤링됨 - 현재 색인이 생성되지 않음,https://kokamdo.co.kr/portfolio/나루가-현대백화점-미아점/,2026-02-28,404,,https://kokamdo.co.kr,"index, follow",,False,doc_b805504abbad_https___kokamdo.co.kr_-Coverage-Drilldown-2026-07-29 (4).xlsx,https://kokamdo.co.kr/portfolio/나루가-현대백화점-미아점,
크롤링됨 - 현재 색인이 생성되지 않음,https://kokamdo.co.kr/press/1956/,2026-02-26,404,,https://kokamdo.co.kr,"index, follow",,False,doc_b805504abbad_https___kokamdo.co.kr_-Coverage-Drilldown-2026-07-29 (4).xlsx,https://kokamdo.co.kr/press/1956,
크롤링됨 - 현재 색인이 생성되지 않음,https://kokamdo.co.kr/portfolio/bbodek-factory/,2026-02-25,404,,https://kokamdo.co.kr,"index, follow",,False,doc_b805504abbad_https___kokamdo.co.kr_-Coverage-Drilldown-2026-07-29 (4).xlsx,https://kokamdo.co.kr/portfolio/bbodek-factory,
크롤링됨 - 현재 색인이 생성되지 않음,https://kokamdo.co.kr/portfolio/angames-본사/,2026-02-20,404,,https://kokamdo.co.kr,"index, follow",,False,doc_b805504abbad_https___kokamdo.co.kr_-Coverage-Drilldown-2026-07-29 (4).xlsx,https://kokamdo.co.kr/portfolio/angames-본사,
크롤링됨 - 현재 색인이 생성되지 않음,https://kokamdo.co.kr/portfolio/huxeed-office/,2026-02-19,404,,https://kokamdo.co.kr,"index, follow",,False,doc_b805504abbad_https___kokamdo.co.kr_-Coverage-Drilldown-2026-07-29 (4).xlsx,https://kokamdo.co.kr/portfolio/huxeed-office,
크롤링됨 - 현재 색인이 생성되지 않음,https://kokamdo.co.kr/portfolio/치료멍멍-24시-동물병원/,2026-02-15,404,,https://kokamdo.co.kr,"index, follow",,False,doc_b805504abbad_https___kokamdo.co.kr_-Coverage-Drilldown-2026-07-29 (4).xlsx,https://kokamdo.co.kr/portfolio/치료멍멍-24시-동물병원,
발견됨 - 현재 색인이 생성되지 않음,https://kokamdo.co.kr/insights/성공적인-기업-이전-인테리어를-위한-트렌드-및-사무실-리뉴얼-전략-mrtw0n61,1970-01-01,200,,https://kokamdo.co.kr,"index, follow",,True,doc_7e29a7a0ff4d_https___kokamdo.co.kr_-Coverage-Drilldown-2026-07-29 (5).xlsx,https://kokamdo.co.kr/insights/성공적인-기업-이전-인테리어를-위한-트렌드-및-사무실-리뉴얼-전략-mrtw0n61,
발견됨 - 현재 색인이 생성되지 않음,https://kokamdo.co.kr/insights/2026-office-interior-trends-hybrid-workspace,1970-01-01,200,,https://kokamdo.co.kr,"index, follow",,True,doc_7e29a7a0ff4d_https___kokamdo.co.kr_-Coverage-Drilldown-2026-07-29 (5).xlsx,https://kokamdo.co.kr/insights/2026-office-interior-trends-hybrid-workspace,
발견됨 - 현재 색인이 생성되지 않음,https://kokamdo.co.kr/insights/esg-sustainable-office-interior,1970-01-01,200,,https://kokamdo.co.kr,"index, follow",,True,doc_7e29a7a0ff4d_https___kokamdo.co.kr_-Coverage-Drilldown-2026-07-29 (5).xlsx,https://kokamdo.co.kr/insights/esg-sustainable-office-interior,
발견됨 - 현재 색인이 생성되지 않음,https://kokamdo.co.kr/insights/office-acoustic-design-guide,1970-01-01,200,,https://kokamdo.co.kr,"index, follow",,True,doc_7e29a7a0ff4d_https___kokamdo.co.kr_-Coverage-Drilldown-2026-07-29 (5).xlsx,https://kokamdo.co.kr/insights/office-acoustic-design-guide,
발견됨 - 현재 색인이 생성되지 않음,https://kokamdo.co.kr/insights/office-interior-cost-guide-2026,1970-01-01,200,,https://kokamdo.co.kr,"index, follow",,True,doc_7e29a7a0ff4d_https___kokamdo.co.kr_-Coverage-Drilldown-2026-07-29 (5).xlsx,https://kokamdo.co.kr/insights/office-interior-cost-guide-2026,
발견됨 - 현재 색인이 생성되지 않음,https://kokamdo.co.kr/insights/office-relocation-checklist-complete-guide,1970-01-01,200,,https://kokamdo.co.kr,"index, follow",,True,doc_7e29a7a0ff4d_https___kokamdo.co.kr_-Coverage-Drilldown-2026-07-29 (5).xlsx,https://kokamdo.co.kr/insights/office-relocation-checklist-complete-guide,
발견됨 - 현재 색인이 생성되지 않음,https://kokamdo.co.kr/office-interior/gyeonggi,1970-01-01,200,,https://kokamdo.co.kr/office-interior/gyeonggi,"index, follow",,True,doc_7e29a7a0ff4d_https___kokamdo.co.kr_-Coverage-Drilldown-2026-07-29 (5).xlsx,https://kokamdo.co.kr/office-interior/gyeonggi,
발견됨 - 현재 색인이 생성되지 않음,https://kokamdo.co.kr/office-interior/incheon,1970-01-01,200,,https://kokamdo.co.kr/office-interior/incheon,"index, follow",,True,doc_7e29a7a0ff4d_https___kokamdo.co.kr_-Coverage-Drilldown-2026-07-29 (5).xlsx,https://kokamdo.co.kr/office-interior/incheon,
발견됨 - 현재 색인이 생성되지 않음,https://kokamdo.co.kr/office-interior/pangyo,1970-01-01,200,,https://kokamdo.co.kr/office-interior/pangyo,"index, follow",,True,doc_7e29a7a0ff4d_https___kokamdo.co.kr_-Coverage-Drilldown-2026-07-29 (5).xlsx,https://kokamdo.co.kr/office-interior/pangyo,
발견됨 - 현재 색인이 생성되지 않음,https://kokamdo.co.kr/office-interior/seoul,1970-01-01,200,,https://kokamdo.co.kr/office-interior/seoul,"index, follow",,True,doc_7e29a7a0ff4d_https___kokamdo.co.kr_-Coverage-Drilldown-2026-07-29 (5).xlsx,https://kokamdo.co.kr/office-interior/seoul,
발견됨 - 현재 색인이 생성되지 않음,https://kokamdo.co.kr/portfolio/p/1020001,1970-01-01,200,,https://kokamdo.co.kr,"index, follow",,True,doc_7e29a7a0ff4d_https___kokamdo.co.kr_-Coverage-Drilldown-2026-07-29 (5).xlsx,https://kokamdo.co.kr/portfolio/p/1020001,
발견됨 - 현재 색인이 생성되지 않음,https://kokamdo.co.kr/portfolio/p/1050001,1970-01-01,200,,https://kokamdo.co.kr,"index, follow",,True,doc_7e29a7a0ff4d_https___kokamdo.co.kr_-Coverage-Drilldown-2026-07-29 (5).xlsx,https://kokamdo.co.kr/portfolio/p/1050001,
발견됨 - 현재 색인이 생성되지 않음,https://kokamdo.co.kr/portfolio/p/1110001,1970-01-01,200,,https://kokamdo.co.kr,"index, follow",,True,doc_7e29a7a0ff4d_https___kokamdo.co.kr_-Coverage-Drilldown-2026-07-29 (5).xlsx,https://kokamdo.co.kr/portfolio/p/1110001,
발견됨 - 현재 색인이 생성되지 않음,https://kokamdo.co.kr/portfolio/p/1140001,1970-01-01,200,,https://kokamdo.co.kr,"index, follow",,True,doc_7e29a7a0ff4d_https___kokamdo.co.kr_-Coverage-Drilldown-2026-07-29 (5).xlsx,https://kokamdo.co.kr/portfolio/p/1140001,
발견됨 - 현재 색인이 생성되지 않음,https://kokamdo.co.kr/portfolio/p/1170001,1970-01-01,200,,https://kokamdo.co.kr,"index, follow",,True,doc_7e29a7a0ff4d_https___kokamdo.co.kr_-Coverage-Drilldown-2026-07-29 (5).xlsx,https://kokamdo.co.kr/portfolio/p/1170001,
발견됨 - 현재 색인이 생성되지 않음,https://kokamdo.co.kr/portfolio/p/1170003,1970-01-01,200,,https://kokamdo.co.kr,"index, follow",,True,doc_7e29a7a0ff4d_https___kokamdo.co.kr_-Coverage-Drilldown-2026-07-29 (5).xlsx,https://kokamdo.co.kr/portfolio/p/1170003,
발견됨 - 현재 색인이 생성되지 않음,https://kokamdo.co.kr/portfolio/p/1170004,1970-01-01,200,,https://kokamdo.co.kr,"index, follow",,True,doc_7e29a7a0ff4d_https___kokamdo.co.kr_-Coverage-Drilldown-2026-07-29 (5).xlsx,https://kokamdo.co.kr/portfolio/p/1170004,
발견됨 - 현재 색인이 생성되지 않음,https://kokamdo.co.kr/portfolio/p/1170005,1970-01-01,200,,https://kokamdo.co.kr,"index, follow",,True,doc_7e29a7a0ff4d_https___kokamdo.co.kr_-Coverage-Drilldown-2026-07-29 (5).xlsx,https://kokamdo.co.kr/portfolio/p/1170005,
발견됨 - 현재 색인이 생성되지 않음,https://kokamdo.co.kr/portfolio/p/2,1970-01-01,200,,https://kokamdo.co.kr,"index, follow",,True,doc_7e29a7a0ff4d_https___kokamdo.co.kr_-Coverage-Drilldown-2026-07-29 (5).xlsx,https://kokamdo.co.kr/portfolio/p/2,
발견됨 - 현재 색인이 생성되지 않음,https://kokamdo.co.kr/portfolio/p/3,1970-01-01,200,,https://kokamdo.co.kr,"index, follow",,True,doc_7e29a7a0ff4d_https___kokamdo.co.kr_-Coverage-Drilldown-2026-07-29 (5).xlsx,https://kokamdo.co.kr/portfolio/p/3,
발견됨 - 현재 색인이 생성되지 않음,https://kokamdo.co.kr/portfolio/p/5,1970-01-01,200,,https://kokamdo.co.kr,"index, follow",,True,doc_7e29a7a0ff4d_https___kokamdo.co.kr_-Coverage-Drilldown-2026-07-29 (5).xlsx,https://kokamdo.co.kr/portfolio/p/5,
발견됨 - 현재 색인이 생성되지 않음,https://kokamdo.co.kr/portfolio/p/6,1970-01-01,200,,https://kokamdo.co.kr,"index, follow",,True,doc_7e29a7a0ff4d_https___kokamdo.co.kr_-Coverage-Drilldown-2026-07-29 (5).xlsx,https://kokamdo.co.kr/portfolio/p/6,
발견됨 - 현재 색인이 생성되지 않음,https://kokamdo.co.kr/portfolio/p/720001,1970-01-01,200,,https://kokamdo.co.kr,"index, follow",,True,doc_7e29a7a0ff4d_https___kokamdo.co.kr_-Coverage-Drilldown-2026-07-29 (5).xlsx,https://kokamdo.co.kr/portfolio/p/720001,
발견됨 - 현재 색인이 생성되지 않음,https://kokamdo.co.kr/portfolio/p/780001,1970-01-01,200,,https://kokamdo.co.kr,"index, follow",,True,doc_7e29a7a0ff4d_https___kokamdo.co.kr_-Coverage-Drilldown-2026-07-29 (5).xlsx,https://kokamdo.co.kr/portfolio/p/780001,
발견됨 - 현재 색인이 생성되지 않음,https://kokamdo.co.kr/portfolio/p/8,1970-01-01,200,,https://kokamdo.co.kr,"index, follow",,True,doc_7e29a7a0ff4d_https___kokamdo.co.kr_-Coverage-Drilldown-2026-07-29 (5).xlsx,https://kokamdo.co.kr/portfolio/p/8,
발견됨 - 현재 색인이 생성되지 않음,https://kokamdo.co.kr/portfolio/p/810001,1970-01-01,200,,https://kokamdo.co.kr,"index, follow",,True,doc_7e29a7a0ff4d_https___kokamdo.co.kr_-Coverage-Drilldown-2026-07-29 (5).xlsx,https://kokamdo.co.kr/portfolio/p/810001,
발견됨 - 현재 색인이 생성되지 않음,https://kokamdo.co.kr/portfolio/p/840001,1970-01-01,200,,https://kokamdo.co.kr,"index, follow",,True,doc_7e29a7a0ff4d_https___kokamdo.co.kr_-Coverage-Drilldown-2026-07-29 (5).xlsx,https://kokamdo.co.kr/portfolio/p/840001,
발견됨 - 현재 색인이 생성되지 않음,https://kokamdo.co.kr/portfolio/p/9,1970-01-01,200,,https://kokamdo.co.kr,"index, follow",,True,doc_7e29a7a0ff4d_https___kokamdo.co.kr_-Coverage-Drilldown-2026-07-29 (5).xlsx,https://kokamdo.co.kr/portfolio/p/9,
발견됨 - 현재 색인이 생성되지 않음,https://kokamdo.co.kr/portfolio/p/900001,1970-01-01,200,,https://kokamdo.co.kr,"index, follow",,True,doc_7e29a7a0ff4d_https___kokamdo.co.kr_-Coverage-Drilldown-2026-07-29 (5).xlsx,https://kokamdo.co.kr/portfolio/p/900001,
발견됨 - 현재 색인이 생성되지 않음,https://kokamdo.co.kr/portfolio/p/930001,1970-01-01,200,,https://kokamdo.co.kr,"index, follow",,True,doc_7e29a7a0ff4d_https___kokamdo.co.kr_-Coverage-Drilldown-2026-07-29 (5).xlsx,https://kokamdo.co.kr/portfolio/p/930001,
발견됨 - 현재 색인이 생성되지 않음,https://kokamdo.co.kr/portfolio/p/960001,1970-01-01,200,,https://kokamdo.co.kr,"index, follow",,True,doc_7e29a7a0ff4d_https___kokamdo.co.kr_-Coverage-Drilldown-2026-07-29 (5).xlsx,https://kokamdo.co.kr/portfolio/p/960001,
발견됨 - 현재 색인이 생성되지 않음,https://kokamdo.co.kr/portfolio/p/990001,1970-01-01,200,,https://kokamdo.co.kr,"index, follow",,True,doc_7e29a7a0ff4d_https___kokamdo.co.kr_-Coverage-Drilldown-2026-07-29 (5).xlsx,https://kokamdo.co.kr/portfolio/p/990001,
발견됨 - 현재 색인이 생성되지 않음,https://kokamdo.co.kr/privacy,1970-01-01,200,,https://kokamdo.co.kr/privacy,"index, follow",,True,doc_7e29a7a0ff4d_https___kokamdo.co.kr_-Coverage-Drilldown-2026-07-29 (5).xlsx,https://kokamdo.co.kr/privacy,
